customer_id,first_name,last_name,email,country,city,age_group,signup_date
1,Linda,Smith,linda.smith1@example.com,Australia,Melbourne,25-34,2023-09-08
2,Michael,Fernando,michael.fernando2@example.com,United Kingdom,Leeds,18-24,2024-08-27
3,Mary,Williams,mary.williams3@example.com,Canada,Ottawa,55-64,2023-08-27
4,Mary,Tanaka,mary.tanaka4@example.com,Canada,Ottawa,45-54,2024-10-27
5,Joseph,Lee,joseph.lee5@example.com,Australia,Melbourne,65+,2023-01-07
6,Liam,Taylor,liam.taylor6@example.com,Australia,Melbourne,35-44,2023-06-09
7,Michael,Williams,michael.williams7@example.com,India,Bangalore,35-44,2023-04-10
8,Thomas,Johnson,thomas.johnson8@example.com,Japan,Tokyo,45-54,2024-07-03
9,Jennifer,Tanaka,jennifer.tanaka9@example.com,Australia,Adelaide,35-44,2024-10-05
10,Richard,Jayasuriya,richard.jayasuriya10@example.com,United Kingdom,Manchester,35-44,2023-02-16
11,Jennifer,Davis,jennifer.davis11@example.com,United Kingdom,Birmingham,45-54,2024-01-25
12,Chen,Garcia,chen.garcia12@example.com,Sri Lanka,Kandy,65+,2023-12-30
13,Lisa,Jayasuriya,lisa.jayasuriya13@example.com,United Kingdom,Manchester,55-64,2024-09-15
14,Karen,Garcia,karen.garcia14@example.com,Japan,Kyoto,65+,2024-01-24
15,Joseph,Fernando,joseph.fernando15@example.com,Sri Lanka,Kandy,18-24,2023-02-27
16,Amal,Moore,amal.moore16@example.com,Australia,Melbourne,55-64,2023-03-09
17,Amal,Miller,amal.miller17@example.com,Japan,Yokohama,25-34,2024-02-10
18,Thomas,Jones,thomas.jones18@example.com,Canada,Ottawa,35-44,2024-07-28
19,Liam,Mueller,liam.mueller19@example.com,India,Delhi,25-34,2024-01-06
20,Nimali,White,nimali.white20@example.com,United Kingdom,London,25-34,2023-02-18
21,William,Fernando,william.fernando21@example.com,India,Mumbai,45-54,2024-09-02
22,Fatima,Silva,fatima.silva22@example.com,Japan,Kyoto,55-64,2024-06-25
23,James,Fernando,james.fernando23@example.com,United Kingdom,Glasgow,35-44,2024-11-29
24,Priya,Brown,priya.brown24@example.com,Australia,Melbourne,45-54,2024-03-21
25,James,Wilson,james.wilson25@example.com,Germany,Berlin,65+,2024-06-03
26,Nancy,Perera,nancy.perera26@example.com,Canada,Montreal,25-34,2023-06-06
27,James,Silva,james.silva27@example.com,Sri Lanka,Colombo,18-24,2024-05-15
28,Chen,Anderson,chen.anderson28@example.com,Canada,Vancouver,55-64,2023-03-01
29,Jennifer,Williams,jennifer.williams29@example.com,Japan,Nagoya,25-34,2023-03-12
30,David,Fernando,david.fernando30@example.com,Japan,Osaka,35-44,2024-07-16
31,Liam,Miller,liam.miller31@example.com,Canada,Montreal,45-54,2024-12-31
32,Chen,Lee,chen.lee32@example.com,Japan,Osaka,25-34,2023-05-04
33,John,Taylor,john.taylor33@example.com,United States,Phoenix,25-34,2024-08-25
34,Joseph,Smith,joseph.smith34@example.com,United Kingdom,London,25-34,2024-12-25
35,John,Johnson,john.johnson35@example.com,Sri Lanka,Negombo,25-34,2023-03-14
36,Lisa,Fernando,lisa.fernando36@example.com,Japan,Nagoya,25-34,2023-08-08
37,Dasun,Davis,dasun.davis37@example.com,Japan,Osaka,18-24,2024-02-21
38,Michael,Fernando,michael.fernando38@example.com,India,Chennai,45-54,2023-12-29
39,Noah,Johnson,noah.johnson39@example.com,United Kingdom,Leeds,65+,2023-03-04
40,Priya,Brown,priya.brown40@example.com,Canada,Vancouver,55-64,2023-07-16
41,Emma,Jones,emma.jones41@example.com,India,Bangalore,45-54,2023-07-07
42,Karen,Williams,karen.williams42@example.com,Japan,Tokyo,18-24,2024-07-17
43,James,Williams,james.williams43@example.com,Canada,Calgary,45-54,2023-06-20
44,Dasun,Miller,dasun.miller44@example.com,India,Delhi,45-54,2023-03-02
45,James,Moore,james.moore45@example.com,Australia,Brisbane,45-54,2024-04-10
46,Kasun,Jones,kasun.jones46@example.com,Canada,Vancouver,18-24,2023-10-31
47,Patricia,Taylor,patricia.taylor47@example.com,United States,Phoenix,45-54,2023-02-21
48,Nimali,Kumar,nimali.kumar48@example.com,Germany,Cologne,18-24,2023-02-28
49,Susan,Williams,susan.williams49@example.com,United Kingdom,Manchester,45-54,2024-11-22
50,Linda,Mueller,linda.mueller50@example.com,Canada,Ottawa,18-24,2024-08-15
51,Jennifer,Martin,jennifer.martin51@example.com,Sri Lanka,Kandy,65+,2023-09-25
52,Amal,Davis,amal.davis52@example.com,Australia,Melbourne,65+,2024-02-10
53,Nancy,Lee,nancy.lee53@example.com,Sri Lanka,Colombo,45-54,2023-03-16
54,Michael,Williams,michael.williams54@example.com,Canada,Montreal,25-34,2024-06-02
55,Yuki,Williams,yuki.williams55@example.com,Canada,Montreal,25-34,2024-01-14
56,Emma,Tanaka,emma.tanaka56@example.com,Australia,Adelaide,18-24,2024-09-18
57,Nancy,Fernando,nancy.fernando57@example.com,United Kingdom,Birmingham,18-24,2023-05-18
58,Michael,Tanaka,michael.tanaka58@example.com,Germany,Hamburg,55-64,2023-10-06
59,Sarah,Jayasuriya,sarah.jayasuriya59@example.com,Sri Lanka,Galle,55-64,2023-07-28
60,Kasun,Wilson,kasun.wilson60@example.com,United States,Houston,35-44,2023-04-05
61,Robert,Smith,robert.smith61@example.com,Sri Lanka,Galle,25-34,2023-05-14
62,Emma,Tanaka,emma.tanaka62@example.com,India,Mumbai,18-24,2024-07-28
63,John,Jayasuriya,john.jayasuriya63@example.com,Germany,Berlin,35-44,2024-07-12
64,Elizabeth,Martin,elizabeth.martin64@example.com,Germany,Hamburg,35-44,2023-02-12
65,Robert,Thomas,robert.thomas65@example.com,Canada,Vancouver,65+,2024-11-29
66,Michael,Thomas,michael.thomas66@example.com,India,Delhi,25-34,2024-09-27
67,William,Garcia,william.garcia67@example.com,India,Delhi,65+,2023-01-26
68,Priya,Martin,priya.martin68@example.com,Canada,Vancouver,65+,2023-10-01
69,Michael,Moore,michael.moore69@example.com,United States,Los Angeles,25-34,2024-04-26
70,Noah,Thomas,noah.thomas70@example.com,Australia,Melbourne,18-24,2023-08-22
71,Richard,Moore,richard.moore71@example.com,Sri Lanka,Colombo,35-44,2023-10-13
72,Yuki,Perera,yuki.perera72@example.com,India,Hyderabad,35-44,2024-11-26
73,Mary,Brown,mary.brown73@example.com,Australia,Adelaide,35-44,2023-07-02
74,Robert,Brown,robert.brown74@example.com,India,Bangalore,45-54,2023-12-20
75,Nimali,Brown,nimali.brown75@example.com,India,Delhi,35-44,2024-08-13
76,Robert,Jayasuriya,robert.jayasuriya76@example.com,India,Hyderabad,55-64,2023-01-02
77,Richard,Thomas,richard.thomas77@example.com,India,Bangalore,55-64,2023-03-13
78,Amal,Fernando,amal.fernando78@example.com,United Kingdom,Glasgow,35-44,2023-11-04
79,Sofia,Taylor,sofia.taylor79@example.com,India,Bangalore,55-64,2024-12-14
80,David,Miller,david.miller80@example.com,India,Chennai,65+,2024-11-11
81,Susan,Silva,susan.silva81@example.com,Australia,Adelaide,18-24,2024-02-20
82,Nancy,Anderson,nancy.anderson82@example.com,Canada,Ottawa,55-64,2024-03-16
83,Amal,Lee,amal.lee83@example.com,Japan,Osaka,55-64,2024-03-28
84,Dasun,Garcia,dasun.garcia84@example.com,United Kingdom,Glasgow,65+,2023-10-18
85,Priya,Williams,priya.williams85@example.com,Canada,Montreal,25-34,2024-11-19
86,Richard,Jones,richard.jones86@example.com,United States,Los Angeles,45-54,2023-02-17
87,John,Lee,john.lee87@example.com,India,Hyderabad,25-34,2024-10-06
88,Fatima,White,fatima.white88@example.com,India,Delhi,65+,2023-09-07
89,James,Brown,james.brown89@example.com,India,Delhi,65+,2023-08-13
90,Noah,Johnson,noah.johnson90@example.com,Canada,Calgary,25-34,2023-05-05
91,Noah,Fernando,noah.fernando91@example.com,Sri Lanka,Negombo,65+,2024-03-29
92,Nimali,Martin,nimali.martin92@example.com,Japan,Yokohama,45-54,2023-06-12
93,Thomas,Davis,thomas.davis93@example.com,Australia,Perth,65+,2024-06-17
94,Karen,Wilson,karen.wilson94@example.com,Japan,Kyoto,25-34,2023-03-21
95,Lisa,Taylor,lisa.taylor95@example.com,Sri Lanka,Colombo,25-34,2024-07-07
96,Elizabeth,Davis,elizabeth.davis96@example.com,India,Delhi,65+,2024-12-11
97,Sarah,Williams,sarah.williams97@example.com,India,Bangalore,55-64,2024-02-22
98,Noah,Martin,noah.martin98@example.com,United States,Houston,45-54,2023-07-31
99,Mary,Mueller,mary.mueller99@example.com,India,Mumbai,35-44,2024-05-03
100,Nancy,Moore,nancy.moore100@example.com,India,Hyderabad,55-64,2024-07-05
101,Joseph,White,joseph.white101@example.com,Canada,Calgary,45-54,2023-10-07
102,Mary,Moore,mary.moore102@example.com,Sri Lanka,Jaffna,65+,2024-11-15
103,William,Lee,william.lee103@example.com,Germany,Cologne,18-24,2024-09-29
104,Omar,Mueller,omar.mueller104@example.com,United States,Houston,25-34,2023-03-27
105,Noah,Garcia,noah.garcia105@example.com,United States,Houston,35-44,2023-09-24
106,Sarah,Lee,sarah.lee106@example.com,Sri Lanka,Jaffna,35-44,2023-12-12
107,Sofia,Wilson,sofia.wilson107@example.com,United Kingdom,London,65+,2024-04-26
108,Patricia,Thomas,patricia.thomas108@example.com,Canada,Toronto,65+,2024-10-27
109,Robert,Smith,robert.smith109@example.com,Canada,Toronto,55-64,2023-07-24
110,Elizabeth,Davis,elizabeth.davis110@example.com,Germany,Berlin,55-64,2024-04-29
111,Sarah,Lee,sarah.lee111@example.com,Australia,Melbourne,55-64,2024-01-13
112,Linda,Garcia,linda.garcia112@example.com,Australia,Adelaide,18-24,2023-04-21
113,Nancy,Mueller,nancy.mueller113@example.com,India,Delhi,18-24,2024-02-11
114,Karen,Brown,karen.brown114@example.com,Australia,Adelaide,18-24,2024-12-01
115,Robert,Thomas,robert.thomas115@example.com,India,Bangalore,18-24,2024-11-08
116,Nimali,Perera,nimali.perera116@example.com,Sri Lanka,Jaffna,45-54,2023-01-13
117,Michael,Martin,michael.martin117@example.com,Sri Lanka,Jaffna,65+,2024-10-12
118,Elizabeth,Martin,elizabeth.martin118@example.com,Germany,Hamburg,55-64,2024-06-18
119,Dasun,Lee,dasun.lee119@example.com,India,Bangalore,35-44,2024-08-29
120,Karen,Williams,karen.williams120@example.com,Australia,Melbourne,45-54,2024-04-06
121,Fatima,Taylor,fatima.taylor121@example.com,United States,Chicago,25-34,2024-05-21
122,Kasun,Miller,kasun.miller122@example.com,Sri Lanka,Galle,35-44,2023-09-22
123,Lisa,Tanaka,lisa.tanaka123@example.com,United States,Los Angeles,18-24,2024-06-13
124,Karen,Martin,karen.martin124@example.com,Japan,Osaka,65+,2024-07-22
125,Dasun,Perera,dasun.perera125@example.com,Japan,Tokyo,18-24,2024-04-03
126,Charles,Davis,charles.davis126@example.com,India,Delhi,35-44,2024-12-09
127,Chen,White,chen.white127@example.com,Sri Lanka,Negombo,35-44,2024-03-11
128,Yuki,Jayasuriya,yuki.jayasuriya128@example.com,Japan,Kyoto,35-44,2023-10-05
129,Joseph,Brown,joseph.brown129@example.com,Canada,Toronto,65+,2023-11-20
130,Susan,Miller,susan.miller130@example.com,Canada,Montreal,65+,2024-05-10
131,Charles,Brown,charles.brown131@example.com,Canada,Vancouver,35-44,2023-10-31
132,Susan,Anderson,susan.anderson132@example.com,United States,Phoenix,25-34,2024-12-26
133,Lisa,Johnson,lisa.johnson133@example.com,United States,Chicago,65+,2024-07-20
134,David,Perera,david.perera134@example.com,Japan,Tokyo,55-64,2023-04-16
135,Charles,White,charles.white135@example.com,Japan,Kyoto,25-34,2024-03-27
136,Patricia,Wilson,patricia.wilson136@example.com,Japan,Tokyo,45-54,2023-04-27
137,Kasun,Williams,kasun.williams137@example.com,United States,Los Angeles,55-64,2023-06-05
138,Nancy,Williams,nancy.williams138@example.com,Canada,Ottawa,45-54,2023-05-02
139,Joseph,Kumar,joseph.kumar139@example.com,India,Chennai,35-44,2024-04-06
140,Liam,Anderson,liam.anderson140@example.com,United States,New York,25-34,2024-09-16
141,Sarah,Wilson,sarah.wilson141@example.com,United Kingdom,Manchester,25-34,2023-06-10
142,John,Garcia,john.garcia142@example.com,United States,Houston,65+,2024-02-23
143,Dasun,Anderson,dasun.anderson143@example.com,United States,Chicago,65+,2023-08-26
144,Charles,Jayasuriya,charles.jayasuriya144@example.com,Japan,Osaka,35-44,2023-03-14
145,Richard,Martin,richard.martin145@example.com,United Kingdom,Manchester,65+,2024-07-11
146,Elizabeth,Wilson,elizabeth.wilson146@example.com,Germany,Berlin,25-34,2023-03-15
147,Nancy,Silva,nancy.silva147@example.com,Australia,Sydney,45-54,2024-03-25
148,Nancy,Jayasuriya,nancy.jayasuriya148@example.com,India,Hyderabad,55-64,2023-10-06
149,Kasun,Lee,kasun.lee149@example.com,United Kingdom,London,45-54,2024-09-04
150,Amal,Silva,amal.silva150@example.com,Australia,Sydney,25-34,2023-01-27
151,Mary,Fernando,mary.fernando151@example.com,Australia,Sydney,25-34,2024-08-13
152,Dasun,Kumar,dasun.kumar152@example.com,Japan,Osaka,55-64,2023-10-12
153,Liam,Perera,liam.perera153@example.com,Japan,Yokohama,35-44,2023-04-04
154,Sofia,Taylor,sofia.taylor154@example.com,Sri Lanka,Colombo,25-34,2024-11-17
155,Priya,Martin,priya.martin155@example.com,Japan,Yokohama,55-64,2023-10-23
156,Robert,Lee,robert.lee156@example.com,United Kingdom,Birmingham,35-44,2023-11-19
157,Linda,Moore,linda.moore157@example.com,United States,Phoenix,45-54,2024-11-04
158,Sofia,Johnson,sofia.johnson158@example.com,Canada,Montreal,55-64,2024-06-14
159,Kasun,Perera,kasun.perera159@example.com,Japan,Osaka,35-44,2023-02-22
160,David,Anderson,david.anderson160@example.com,Japan,Yokohama,18-24,2024-12-16
161,Mary,Perera,mary.perera161@example.com,Canada,Vancouver,35-44,2024-12-27
162,James,Tanaka,james.tanaka162@example.com,India,Delhi,18-24,2023-04-06
163,Noah,Brown,noah.brown163@example.com,Germany,Hamburg,55-64,2024-05-25
164,Lisa,Martin,lisa.martin164@example.com,Japan,Osaka,45-54,2024-04-28
165,Elizabeth,Moore,elizabeth.moore165@example.com,Canada,Ottawa,65+,2024-09-05
166,David,Williams,david.williams166@example.com,Australia,Brisbane,55-64,2024-02-29
167,Lisa,Smith,lisa.smith167@example.com,Australia,Adelaide,55-64,2023-11-02
168,Kasun,Jones,kasun.jones168@example.com,Japan,Yokohama,35-44,2024-07-05
169,Priya,Tanaka,priya.tanaka169@example.com,India,Bangalore,25-34,2024-04-11
170,Karen,Mueller,karen.mueller170@example.com,India,Chennai,18-24,2023-08-28
171,Amal,White,amal.white171@example.com,India,Delhi,45-54,2024-01-31
172,Robert,Jones,robert.jones172@example.com,Sri Lanka,Jaffna,18-24,2023-04-13
173,Noah,Smith,noah.smith173@example.com,Germany,Munich,18-24,2024-02-24
174,Dasun,Wilson,dasun.wilson174@example.com,Sri Lanka,Jaffna,65+,2024-09-30
175,Jennifer,Taylor,jennifer.taylor175@example.com,India,Chennai,55-64,2023-11-21
176,Robert,Silva,robert.silva176@example.com,United Kingdom,Birmingham,25-34,2023-08-29
177,Jennifer,Martin,jennifer.martin177@example.com,United Kingdom,London,45-54,2024-10-10
178,William,Jayasuriya,william.jayasuriya178@example.com,Australia,Sydney,35-44,2023-01-30
179,Patricia,Anderson,patricia.anderson179@example.com,Sri Lanka,Jaffna,25-34,2024-01-19
180,Karen,Kumar,karen.kumar180@example.com,India,Delhi,25-34,2024-08-02
181,Susan,Williams,susan.williams181@example.com,India,Delhi,45-54,2024-09-26
182,Elizabeth,Davis,elizabeth.davis182@example.com,Japan,Kyoto,45-54,2024-10-15
183,Thomas,Fernando,thomas.fernando183@example.com,United States,Chicago,65+,2024-04-21
184,William,Williams,william.williams184@example.com,Japan,Nagoya,35-44,2023-12-20
185,Liam,Jayasuriya,liam.jayasuriya185@example.com,Australia,Brisbane,25-34,2024-04-12
186,Fatima,White,fatima.white186@example.com,United Kingdom,Leeds,55-64,2023-08-31
187,Yuki,Mueller,yuki.mueller187@example.com,Australia,Brisbane,18-24,2024-12-17
188,Omar,Wilson,omar.wilson188@example.com,United States,New York,55-64,2024-08-02
189,Kasun,Anderson,kasun.anderson189@example.com,Canada,Montreal,25-34,2024-09-13
190,Richard,Silva,richard.silva190@example.com,Australia,Melbourne,65+,2024-11-25
191,Michael,Perera,michael.perera191@example.com,United States,Houston,18-24,2023-11-13
192,Chen,Jones,chen.jones192@example.com,United Kingdom,Birmingham,65+,2023-10-30
193,Sofia,Garcia,sofia.garcia193@example.com,Canada,Ottawa,35-44,2023-05-16
194,Nimali,Wilson,nimali.wilson194@example.com,Germany,Frankfurt,35-44,2023-09-21
195,Priya,Brown,priya.brown195@example.com,Japan,Osaka,25-34,2023-03-19
196,Omar,Tanaka,omar.tanaka196@example.com,Sri Lanka,Jaffna,18-24,2023-04-03
197,Thomas,Tanaka,thomas.tanaka197@example.com,United Kingdom,Birmingham,65+,2024-04-10
198,Thomas,Mueller,thomas.mueller198@example.com,India,Bangalore,18-24,2024-10-15
199,Joseph,White,joseph.white199@example.com,United States,Phoenix,35-44,2024-09-26
200,Joseph,Perera,joseph.perera200@example.com,United Kingdom,Leeds,65+,2024-10-12
201,Nancy,Perera,nancy.perera201@example.com,India,Delhi,18-24,2023-04-30
202,Robert,Anderson,robert.anderson202@example.com,Japan,Tokyo,25-34,2023-04-29
203,David,Moore,david.moore203@example.com,Japan,Nagoya,45-54,2024-01-15
204,Elizabeth,Martin,elizabeth.martin204@example.com,United Kingdom,Glasgow,45-54,2024-05-16
205,Lisa,Johnson,lisa.johnson205@example.com,Sri Lanka,Jaffna,45-54,2023-08-11
206,Karen,Thomas,karen.thomas206@example.com,United Kingdom,Birmingham,55-64,2024-12-03
207,Yuki,Johnson,yuki.johnson207@example.com,India,Delhi,18-24,2023-10-10
208,Noah,Williams,noah.williams208@example.com,Canada,Ottawa,18-24,2024-10-19
209,Patricia,Taylor,patricia.taylor209@example.com,Canada,Ottawa,25-34,2023-05-09
210,John,Tanaka,john.tanaka210@example.com,Canada,Vancouver,25-34,2024-08-23
211,Priya,Jones,priya.jones211@example.com,United States,Los Angeles,25-34,2023-10-11
212,Thomas,Garcia,thomas.garcia212@example.com,United Kingdom,London,25-34,2024-11-07
213,James,Thomas,james.thomas213@example.com,Canada,Montreal,18-24,2024-08-25
214,Susan,Wilson,susan.wilson214@example.com,United States,Houston,55-64,2023-05-10
215,Linda,Williams,linda.williams215@example.com,Japan,Kyoto,55-64,2024-04-04
216,Michael,Lee,michael.lee216@example.com,Canada,Toronto,65+,2024-09-21
217,Nancy,Lee,nancy.lee217@example.com,United States,Houston,45-54,2023-03-04
218,Liam,Fernando,liam.fernando218@example.com,United Kingdom,Leeds,18-24,2024-05-17
219,Jennifer,Taylor,jennifer.taylor219@example.com,Germany,Munich,35-44,2023-03-09
220,Amal,Moore,amal.moore220@example.com,Australia,Adelaide,55-64,2024-04-09
221,Liam,Brown,liam.brown221@example.com,United Kingdom,Glasgow,65+,2024-11-01
222,Sarah,Martin,sarah.martin222@example.com,Japan,Yokohama,35-44,2023-08-22
223,Noah,Moore,noah.moore223@example.com,India,Bangalore,45-54,2023-04-08
224,Amal,Fernando,amal.fernando224@example.com,Australia,Melbourne,65+,2024-01-19
225,Dasun,Williams,dasun.williams225@example.com,United Kingdom,London,45-54,2023-03-29
226,Michael,Thomas,michael.thomas226@example.com,Germany,Berlin,55-64,2024-07-23
227,Priya,Fernando,priya.fernando227@example.com,United Kingdom,Birmingham,65+,2024-02-25
228,Liam,Johnson,liam.johnson228@example.com,Australia,Brisbane,35-44,2024-09-06
229,Michael,Mueller,michael.mueller229@example.com,Canada,Calgary,25-34,2023-06-08
230,Michael,Thomas,michael.thomas230@example.com,Sri Lanka,Galle,55-64,2023-04-28
231,Joseph,Martin,joseph.martin231@example.com,United States,Chicago,18-24,2024-09-15
232,Susan,Wilson,susan.wilson232@example.com,Australia,Brisbane,18-24,2023-12-14
233,Susan,Jones,susan.jones233@example.com,India,Delhi,65+,2023-03-13
234,Mary,Williams,mary.williams234@example.com,Canada,Calgary,45-54,2024-01-21
235,Priya,Garcia,priya.garcia235@example.com,Sri Lanka,Galle,55-64,2023-11-16
236,Jennifer,Johnson,jennifer.johnson236@example.com,Germany,Cologne,18-24,2023-06-11
237,Jennifer,Wilson,jennifer.wilson237@example.com,Japan,Yokohama,45-54,2024-11-08
238,Emma,Martin,emma.martin238@example.com,Australia,Adelaide,18-24,2023-08-09
239,Yuki,Martin,yuki.martin239@example.com,United Kingdom,Glasgow,45-54,2023-10-18
240,Nancy,Johnson,nancy.johnson240@example.com,Canada,Ottawa,18-24,2024-02-09
241,James,Miller,james.miller241@example.com,Australia,Melbourne,35-44,2023-08-05
242,Charles,Taylor,charles.taylor242@example.com,United Kingdom,Leeds,65+,2023-01-08
243,Liam,Garcia,liam.garcia243@example.com,Germany,Cologne,65+,2024-01-25
244,Joseph,Kumar,joseph.kumar244@example.com,Sri Lanka,Jaffna,65+,2023-03-15
245,Robert,Martin,robert.martin245@example.com,United States,New York,35-44,2024-04-15
246,Liam,Mueller,liam.mueller246@example.com,India,Chennai,35-44,2024-12-27
247,Linda,Moore,linda.moore247@example.com,United States,Los Angeles,55-64,2023-11-29
248,Noah,Jayasuriya,noah.jayasuriya248@example.com,Sri Lanka,Jaffna,18-24,2023-04-01
249,Karen,Martin,karen.martin249@example.com,India,Mumbai,45-54,2024-06-20
250,Nancy,Taylor,nancy.taylor250@example.com,Canada,Vancouver,18-24,2023-12-08
251,Nimali,Perera,nimali.perera251@example.com,United Kingdom,Glasgow,25-34,2024-06-27
252,Yuki,Thomas,yuki.thomas252@example.com,Germany,Berlin,25-34,2023-08-30
253,Thomas,Miller,thomas.miller253@example.com,Germany,Munich,65+,2024-09-08
254,John,Garcia,john.garcia254@example.com,Japan,Nagoya,55-64,2024-04-20
255,Emma,Fernando,emma.fernando255@example.com,Sri Lanka,Galle,25-34,2024-10-04
256,Emma,Williams,emma.williams256@example.com,Japan,Kyoto,35-44,2024-03-28
257,Patricia,Thomas,patricia.thomas257@example.com,United Kingdom,Leeds,45-54,2023-11-14
258,Robert,Johnson,robert.johnson258@example.com,Sri Lanka,Colombo,65+,2023-10-21
259,Jennifer,Silva,jennifer.silva259@example.com,India,Hyderabad,55-64,2024-04-18
260,Robert,Lee,robert.lee260@example.com,Canada,Ottawa,45-54,2023-11-26
261,Nimali,Jones,nimali.jones261@example.com,United States,New York,35-44,2024-04-06
262,Jennifer,Kumar,jennifer.kumar262@example.com,Germany,Munich,65+,2023-02-10
263,Emma,Lee,emma.lee263@example.com,Germany,Hamburg,35-44,2024-01-08
264,Fatima,Martin,fatima.martin264@example.com,Sri Lanka,Negombo,18-24,2024-11-26
265,Priya,Williams,priya.williams265@example.com,Sri Lanka,Negombo,65+,2023-04-07
266,Fatima,Anderson,fatima.anderson266@example.com,Australia,Adelaide,25-34,2024-11-03
267,Priya,Williams,priya.williams267@example.com,Germany,Hamburg,65+,2023-12-25
268,Omar,Jones,omar.jones268@example.com,United Kingdom,Glasgow,45-54,2023-11-14
269,Priya,Jones,priya.jones269@example.com,United Kingdom,Leeds,55-64,2024-10-23
270,Chen,Smith,chen.smith270@example.com,Sri Lanka,Kandy,25-34,2023-11-13
271,Priya,White,priya.white271@example.com,Canada,Vancouver,25-34,2023-08-20
272,John,Anderson,john.anderson272@example.com,United Kingdom,Glasgow,65+,2024-06-03
273,Robert,Fernando,robert.fernando273@example.com,Sri Lanka,Kandy,55-64,2024-09-24
274,Fatima,Jones,fatima.jones274@example.com,Germany,Cologne,25-34,2023-07-05
275,Emma,Johnson,emma.johnson275@example.com,India,Delhi,45-54,2024-01-09
276,Charles,Lee,charles.lee276@example.com,Canada,Vancouver,35-44,2024-06-30
277,Dasun,Miller,dasun.miller277@example.com,Sri Lanka,Negombo,45-54,2024-11-25
278,Noah,Anderson,noah.anderson278@example.com,India,Hyderabad,45-54,2024-05-29
279,William,Miller,william.miller279@example.com,Germany,Berlin,65+,2023-09-14
280,Dasun,Thomas,dasun.thomas280@example.com,United Kingdom,Glasgow,18-24,2024-12-29
281,Charles,Williams,charles.williams281@example.com,Germany,Frankfurt,55-64,2023-10-07
282,Elizabeth,Martin,elizabeth.martin282@example.com,United Kingdom,Leeds,35-44,2023-08-16
283,Mary,Martin,mary.martin283@example.com,United States,Phoenix,35-44,2024-02-10
284,Karen,Moore,karen.moore284@example.com,United Kingdom,Manchester,18-24,2024-01-19
285,Amal,Brown,amal.brown285@example.com,Sri Lanka,Kandy,18-24,2023-05-30
286,Charles,White,charles.white286@example.com,Germany,Frankfurt,45-54,2024-12-23
287,James,Williams,james.williams287@example.com,United States,Los Angeles,25-34,2023-09-20
288,Liam,Brown,liam.brown288@example.com,Australia,Brisbane,18-24,2023-09-01
289,Patricia,Davis,patricia.davis289@example.com,India,Hyderabad,45-54,2024-10-16
290,John,Brown,john.brown290@example.com,Japan,Nagoya,18-24,2024-09-03
291,Nimali,Mueller,nimali.mueller291@example.com,Canada,Montreal,45-54,2023-05-28
292,James,Silva,james.silva292@example.com,Sri Lanka,Negombo,45-54,2023-09-04
293,Susan,Fernando,susan.fernando293@example.com,United Kingdom,Birmingham,18-24,2024-06-20
294,Nimali,Kumar,nimali.kumar294@example.com,United States,Houston,18-24,2024-02-04
295,Fatima,Thomas,fatima.thomas295@example.com,Australia,Brisbane,18-24,2023-01-17
296,Yuki,Davis,yuki.davis296@example.com,United Kingdom,Birmingham,25-34,2024-08-18
297,Robert,Thomas,robert.thomas297@example.com,Sri Lanka,Kandy,65+,2024-10-20
298,Noah,Jayasuriya,noah.jayasuriya298@example.com,Japan,Osaka,25-34,2024-10-08
299,John,Jayasuriya,john.jayasuriya299@example.com,Japan,Kyoto,25-34,2023-02-07
300,Robert,Miller,robert.miller300@example.com,United States,Chicago,55-64,2023-11-20
301,Omar,Tanaka,omar.tanaka301@example.com,Japan,Tokyo,65+,2023-09-17
302,Richard,Anderson,richard.anderson302@example.com,Sri Lanka,Galle,35-44,2023-02-18
303,Linda,Thomas,linda.thomas303@example.com,India,Chennai,45-54,2024-02-14
304,Priya,Garcia,priya.garcia304@example.com,Japan,Yokohama,35-44,2024-12-09
305,Lisa,Williams,lisa.williams305@example.com,India,Chennai,55-64,2023-03-22
306,Susan,Tanaka,susan.tanaka306@example.com,Australia,Sydney,18-24,2023-11-25
307,Amal,Fernando,amal.fernando307@example.com,Australia,Perth,55-64,2023-11-10
308,Liam,Garcia,liam.garcia308@example.com,Japan,Yokohama,18-24,2023-12-26
309,Yuki,Silva,yuki.silva309@example.com,India,Mumbai,18-24,2023-10-09
310,Omar,Thomas,omar.thomas310@example.com,Germany,Munich,55-64,2023-02-01
311,Emma,Johnson,emma.johnson311@example.com,Germany,Munich,65+,2023-03-10
312,Chen,Thomas,chen.thomas312@example.com,India,Mumbai,55-64,2024-08-03
313,Elizabeth,Fernando,elizabeth.fernando313@example.com,Japan,Kyoto,45-54,2024-01-15
314,John,Mueller,john.mueller314@example.com,Germany,Hamburg,45-54,2024-06-26
315,Amal,Perera,amal.perera315@example.com,Australia,Sydney,18-24,2023-09-13
316,Susan,White,susan.white316@example.com,India,Mumbai,35-44,2024-07-29
317,Thomas,Jayasuriya,thomas.jayasuriya317@example.com,Japan,Nagoya,35-44,2023-08-08
318,Kasun,Miller,kasun.miller318@example.com,United Kingdom,London,45-54,2023-05-19
319,Susan,Jayasuriya,susan.jayasuriya319@example.com,Japan,Kyoto,65+,2023-03-31
320,Yuki,Jayasuriya,yuki.jayasuriya320@example.com,United Kingdom,Glasgow,35-44,2024-07-17
321,Nancy,Garcia,nancy.garcia321@example.com,Germany,Cologne,25-34,2024-01-06
322,Linda,Miller,linda.miller322@example.com,Germany,Frankfurt,18-24,2023-08-31
323,Chen,Tanaka,chen.tanaka323@example.com,Sri Lanka,Negombo,25-34,2024-04-23
324,Jennifer,Williams,jennifer.williams324@example.com,Australia,Perth,55-64,2024-02-12
325,Sofia,Martin,sofia.martin325@example.com,United Kingdom,Birmingham,65+,2023-05-09
326,John,Lee,john.lee326@example.com,Japan,Nagoya,35-44,2024-11-27
327,David,Tanaka,david.tanaka327@example.com,Germany,Frankfurt,55-64,2023-05-13
328,Patricia,Brown,patricia.brown328@example.com,Germany,Munich,25-34,2023-11-08
329,Amal,Jayasuriya,amal.jayasuriya329@example.com,Canada,Ottawa,35-44,2023-12-21
330,Jennifer,Wilson,jennifer.wilson330@example.com,Canada,Ottawa,35-44,2024-10-12
331,David,Perera,david.perera331@example.com,Australia,Adelaide,18-24,2024-09-21
332,Nimali,Perera,nimali.perera332@example.com,Germany,Cologne,25-34,2024-08-29
333,William,Fernando,william.fernando333@example.com,Sri Lanka,Colombo,18-24,2024-07-31
334,Jennifer,Johnson,jennifer.johnson334@example.com,Australia,Melbourne,55-64,2024-10-28
335,Sofia,Silva,sofia.silva335@example.com,United States,Phoenix,35-44,2024-05-24
336,Nancy,White,nancy.white336@example.com,Canada,Calgary,35-44,2024-12-02
337,Noah,Williams,noah.williams337@example.com,United States,Houston,45-54,2023-06-11
338,Dasun,Lee,dasun.lee338@example.com,Canada,Ottawa,25-34,2023-12-15
339,Amal,Jayasuriya,amal.jayasuriya339@example.com,Sri Lanka,Jaffna,25-34,2023-12-20
340,Chen,Kumar,chen.kumar340@example.com,United Kingdom,Manchester,45-54,2023-11-23
341,Linda,Wilson,linda.wilson341@example.com,Japan,Osaka,18-24,2023-09-11
342,Patricia,Anderson,patricia.anderson342@example.com,India,Chennai,25-34,2024-09-22
343,William,Taylor,william.taylor343@example.com,Sri Lanka,Kandy,45-54,2023-07-14
344,Nimali,Lee,nimali.lee344@example.com,Japan,Yokohama,18-24,2023-11-12
345,Jennifer,Moore,jennifer.moore345@example.com,Japan,Osaka,55-64,2023-09-04
346,Yuki,Johnson,yuki.johnson346@example.com,United States,Houston,55-64,2023-10-16
347,Dasun,Anderson,dasun.anderson347@example.com,United States,Houston,25-34,2023-04-21
348,Thomas,Thomas,thomas.thomas348@example.com,India,Mumbai,45-54,2024-01-10
349,Patricia,Mueller,patricia.mueller349@example.com,Canada,Ottawa,35-44,2024-01-07
350,John,Moore,john.moore350@example.com,Japan,Kyoto,55-64,2024-07-17
351,Linda,Jones,linda.jones351@example.com,United Kingdom,Birmingham,35-44,2024-02-08
352,Chen,Jones,chen.jones352@example.com,Canada,Ottawa,45-54,2024-09-08
353,Nimali,Johnson,nimali.johnson353@example.com,United States,Los Angeles,65+,2023-02-09
354,Priya,White,priya.white354@example.com,Japan,Nagoya,55-64,2023-06-02
355,David,Taylor,david.taylor355@example.com,Sri Lanka,Jaffna,55-64,2023-06-16
356,Nancy,Mueller,nancy.mueller356@example.com,Sri Lanka,Negombo,55-64,2024-06-03
357,Kasun,Jayasuriya,kasun.jayasuriya357@example.com,Australia,Sydney,35-44,2024-05-01
358,Priya,Fernando,priya.fernando358@example.com,United Kingdom,Glasgow,35-44,2024-03-02
359,Mary,Silva,mary.silva359@example.com,Japan,Nagoya,55-64,2023-09-29
360,Joseph,Johnson,joseph.johnson360@example.com,Japan,Nagoya,65+,2023-06-24
361,Fatima,Jones,fatima.jones361@example.com,Canada,Ottawa,65+,2023-02-02
362,Linda,Miller,linda.miller362@example.com,United States,Chicago,45-54,2024-03-27
363,Elizabeth,Martin,elizabeth.martin363@example.com,Canada,Ottawa,55-64,2024-02-25
364,Dasun,Johnson,dasun.johnson364@example.com,Germany,Munich,55-64,2024-06-15
365,Amal,Fernando,amal.fernando365@example.com,Japan,Yokohama,35-44,2024-06-22
366,Susan,Lee,susan.lee366@example.com,Sri Lanka,Galle,65+,2024-07-13
367,Thomas,Silva,thomas.silva367@example.com,Japan,Osaka,35-44,2023-07-16
368,Nancy,Davis,nancy.davis368@example.com,Australia,Melbourne,65+,2023-10-23
369,Kasun,Taylor,kasun.taylor369@example.com,Japan,Nagoya,65+,2023-12-24
370,Lisa,Anderson,lisa.anderson370@example.com,United Kingdom,Glasgow,45-54,2024-08-10
371,Omar,Thomas,omar.thomas371@example.com,Germany,Berlin,35-44,2023-10-25
372,Jennifer,Thomas,jennifer.thomas372@example.com,Japan,Kyoto,65+,2024-11-02
373,Dasun,Miller,dasun.miller373@example.com,Canada,Montreal,55-64,2024-07-05
374,Lisa,Jones,lisa.jones374@example.com,United Kingdom,Glasgow,25-34,2024-09-22
375,Karen,Johnson,karen.johnson375@example.com,Canada,Vancouver,18-24,2024-10-15
376,Michael,Martin,michael.martin376@example.com,Sri Lanka,Colombo,65+,2024-04-28
377,David,Smith,david.smith377@example.com,Germany,Frankfurt,45-54,2024-02-21
378,Richard,Anderson,richard.anderson378@example.com,Sri Lanka,Colombo,18-24,2023-10-20
379,Joseph,Tanaka,joseph.tanaka379@example.com,United States,Houston,25-34,2023-06-29
380,Robert,Moore,robert.moore380@example.com,Japan,Kyoto,18-24,2023-07-10
381,James,Anderson,james.anderson381@example.com,United Kingdom,Birmingham,45-54,2023-12-10
382,Kasun,Jones,kasun.jones382@example.com,Japan,Osaka,18-24,2023-10-07
383,Priya,Garcia,priya.garcia383@example.com,Japan,Kyoto,65+,2024-10-25
384,Susan,Smith,susan.smith384@example.com,Sri Lanka,Negombo,65+,2023-10-30
385,Richard,Garcia,richard.garcia385@example.com,India,Hyderabad,35-44,2024-03-13
386,Jennifer,Moore,jennifer.moore386@example.com,United Kingdom,Manchester,45-54,2023-07-09
387,Amal,Davis,amal.davis387@example.com,United States,Houston,25-34,2023-09-25
388,Emma,Wilson,emma.wilson388@example.com,Sri Lanka,Negombo,65+,2023-11-06
389,James,Wilson,james.wilson389@example.com,Sri Lanka,Kandy,18-24,2024-12-10
390,Linda,Lee,linda.lee390@example.com,Australia,Perth,65+,2023-06-13
391,Nimali,Jayasuriya,nimali.jayasuriya391@example.com,Australia,Sydney,65+,2024-12-07
392,Charles,Thomas,charles.thomas392@example.com,Canada,Vancouver,45-54,2023-08-13
393,Elizabeth,Lee,elizabeth.lee393@example.com,Sri Lanka,Negombo,45-54,2024-03-01
394,Sarah,Davis,sarah.davis394@example.com,United Kingdom,Leeds,55-64,2024-06-22
395,Chen,Williams,chen.williams395@example.com,United Kingdom,Glasgow,55-64,2023-03-05
396,Richard,Mueller,richard.mueller396@example.com,Germany,Hamburg,55-64,2023-06-18
397,Emma,Brown,emma.brown397@example.com,Canada,Calgary,18-24,2024-08-20
398,Nimali,Lee,nimali.lee398@example.com,United States,Los Angeles,55-64,2024-04-09
399,Sofia,Lee,sofia.lee399@example.com,United States,Houston,65+,2024-07-26
400,Nancy,Smith,nancy.smith400@example.com,India,Mumbai,65+,2023-09-18
401,Sarah,Mueller,sarah.mueller401@example.com,United Kingdom,Leeds,35-44,2023-02-16
402,John,Tanaka,john.tanaka402@example.com,United States,Houston,18-24,2023-03-12
403,Charles,Martin,charles.martin403@example.com,Germany,Frankfurt,35-44,2023-05-19
404,Fatima,Lee,fatima.lee404@example.com,India,Mumbai,65+,2024-01-20
405,David,Perera,david.perera405@example.com,Sri Lanka,Kandy,55-64,2023-05-02
406,Omar,Kumar,omar.kumar406@example.com,Germany,Berlin,18-24,2023-08-17
407,Nancy,Lee,nancy.lee407@example.com,India,Chennai,25-34,2024-06-28
408,Karen,Lee,karen.lee408@example.com,Sri Lanka,Galle,25-34,2023-06-08
409,Linda,Johnson,linda.johnson409@example.com,India,Mumbai,25-34,2024-09-21
410,Sarah,Williams,sarah.williams410@example.com,United Kingdom,London,45-54,2024-08-31
411,Patricia,Davis,patricia.davis411@example.com,United States,Houston,25-34,2024-02-16
412,Sarah,Johnson,sarah.johnson412@example.com,Germany,Hamburg,25-34,2024-05-30
413,Amal,Mueller,amal.mueller413@example.com,Sri Lanka,Galle,25-34,2023-08-31
414,Joseph,Martin,joseph.martin414@example.com,Australia,Sydney,55-64,2023-10-09
415,Susan,Perera,susan.perera415@example.com,India,Chennai,18-24,2024-07-23
416,Yuki,Perera,yuki.perera416@example.com,India,Bangalore,65+,2024-06-21
417,Sofia,Martin,sofia.martin417@example.com,Germany,Frankfurt,25-34,2023-11-04
418,Dasun,Davis,dasun.davis418@example.com,Canada,Vancouver,45-54,2023-11-04
419,Patricia,Tanaka,patricia.tanaka419@example.com,India,Hyderabad,55-64,2024-03-02
420,David,Moore,david.moore420@example.com,Canada,Vancouver,35-44,2023-09-19
421,Jennifer,Lee,jennifer.lee421@example.com,Sri Lanka,Negombo,65+,2023-04-05
422,Richard,Johnson,richard.johnson422@example.com,Australia,Adelaide,55-64,2024-01-22
423,Robert,Williams,robert.williams423@example.com,Canada,Ottawa,25-34,2024-08-24
424,Dasun,Miller,dasun.miller424@example.com,Sri Lanka,Colombo,25-34,2023-11-07
425,Richard,Brown,richard.brown425@example.com,Japan,Nagoya,65+,2023-09-06
426,Sarah,Moore,sarah.moore426@example.com,Canada,Montreal,35-44,2024-07-19
427,Fatima,Lee,fatima.lee427@example.com,Sri Lanka,Galle,35-44,2023-11-12
428,Nimali,White,nimali.white428@example.com,Japan,Yokohama,35-44,2023-04-11
429,Sarah,Thomas,sarah.thomas429@example.com,Sri Lanka,Colombo,55-64,2024-02-28
430,Joseph,Jones,joseph.jones430@example.com,United States,Phoenix,55-64,2023-09-25
431,Sofia,Anderson,sofia.anderson431@example.com,Germany,Hamburg,25-34,2023-07-20
432,Fatima,Mueller,fatima.mueller432@example.com,Canada,Ottawa,65+,2024-05-26
433,Priya,Wilson,priya.wilson433@example.com,Japan,Yokohama,45-54,2024-10-19
434,William,Thomas,william.thomas434@example.com,Germany,Cologne,45-54,2023-05-24
435,Susan,Tanaka,susan.tanaka435@example.com,United States,New York,18-24,2024-06-20
436,Patricia,Smith,patricia.smith436@example.com,India,Delhi,18-24,2023-05-21
437,Elizabeth,Smith,elizabeth.smith437@example.com,Canada,Calgary,35-44,2024-06-01
438,Patricia,Silva,patricia.silva438@example.com,Japan,Yokohama,18-24,2024-11-06
439,James,Tanaka,james.tanaka439@example.com,India,Mumbai,55-64,2023-01-13
440,Lisa,Tanaka,lisa.tanaka440@example.com,Australia,Adelaide,65+,2023-01-18
441,Liam,Garcia,liam.garcia441@example.com,United Kingdom,Glasgow,25-34,2023-04-09
442,Karen,Miller,karen.miller442@example.com,Australia,Brisbane,45-54,2023-12-29
443,Jennifer,Thomas,jennifer.thomas443@example.com,India,Hyderabad,25-34,2024-04-15
444,Joseph,Anderson,joseph.anderson444@example.com,United Kingdom,London,18-24,2024-10-31
445,Omar,Moore,omar.moore445@example.com,India,Chennai,18-24,2024-07-19
446,James,Jayasuriya,james.jayasuriya446@example.com,Germany,Frankfurt,45-54,2023-03-26
447,Priya,Mueller,priya.mueller447@example.com,United Kingdom,London,25-34,2024-06-24
448,Sarah,Jayasuriya,sarah.jayasuriya448@example.com,Japan,Tokyo,18-24,2023-10-05
449,Lisa,Tanaka,lisa.tanaka449@example.com,United States,Chicago,18-24,2023-07-03
450,Sarah,Mueller,sarah.mueller450@example.com,Germany,Frankfurt,18-24,2024-12-30
451,Nancy,Garcia,nancy.garcia451@example.com,Canada,Calgary,65+,2024-08-03
452,Priya,Moore,priya.moore452@example.com,Germany,Berlin,55-64,2024-12-06
453,Yuki,Johnson,yuki.johnson453@example.com,United Kingdom,Manchester,18-24,2024-03-23
454,Priya,Silva,priya.silva454@example.com,India,Mumbai,65+,2023-12-01
455,Lisa,Lee,lisa.lee455@example.com,Japan,Kyoto,55-64,2023-08-22
456,Fatima,Martin,fatima.martin456@example.com,Germany,Cologne,65+,2024-11-27
457,Fatima,Williams,fatima.williams457@example.com,Australia,Sydney,18-24,2023-09-10
458,Lisa,Jones,lisa.jones458@example.com,India,Delhi,65+,2024-12-29
459,Fatima,Taylor,fatima.taylor459@example.com,Sri Lanka,Colombo,18-24,2023-04-20
460,Nancy,Lee,nancy.lee460@example.com,Sri Lanka,Colombo,25-34,2023-10-04
461,Jennifer,Garcia,jennifer.garcia461@example.com,India,Hyderabad,55-64,2024-04-04
462,Nimali,Martin,nimali.martin462@example.com,United Kingdom,London,35-44,2023-01-27
463,Jennifer,Silva,jennifer.silva463@example.com,Sri Lanka,Colombo,35-44,2024-01-30
464,Sofia,Moore,sofia.moore464@example.com,United Kingdom,Manchester,55-64,2024-07-26
465,William,Fernando,william.fernando465@example.com,India,Delhi,35-44,2023-06-23
466,Nancy,Wilson,nancy.wilson466@example.com,Japan,Tokyo,25-34,2023-05-30
467,Liam,Wilson,liam.wilson467@example.com,India,Chennai,18-24,2023-11-03
468,Chen,Wilson,chen.wilson468@example.com,Canada,Calgary,55-64,2024-10-02
469,Richard,Lee,richard.lee469@example.com,United Kingdom,Birmingham,18-24,2023-05-19
470,Omar,Taylor,omar.taylor470@example.com,India,Chennai,35-44,2023-12-04
471,Liam,Perera,liam.perera471@example.com,Germany,Hamburg,55-64,2023-11-04
472,Richard,White,richard.white472@example.com,Sri Lanka,Jaffna,35-44,2023-07-01
473,Charles,Jayasuriya,charles.jayasuriya473@example.com,Japan,Osaka,35-44,2024-08-12
474,Fatima,Wilson,fatima.wilson474@example.com,India,Mumbai,55-64,2024-01-09
475,Richard,Mueller,richard.mueller475@example.com,Germany,Cologne,18-24,2024-11-29
476,Noah,Jayasuriya,noah.jayasuriya476@example.com,Canada,Montreal,65+,2024-03-24
477,John,Martin,john.martin477@example.com,Japan,Kyoto,25-34,2023-05-23
478,Thomas,Fernando,thomas.fernando478@example.com,Germany,Frankfurt,18-24,2024-03-09
479,Emma,Silva,emma.silva479@example.com,Japan,Yokohama,55-64,2024-08-19
480,Nimali,Jayasuriya,nimali.jayasuriya480@example.com,India,Mumbai,35-44,2024-07-10
481,Jennifer,Brown,jennifer.brown481@example.com,Canada,Montreal,25-34,2024-11-04
482,Robert,Mueller,robert.mueller482@example.com,India,Chennai,18-24,2023-12-06
483,James,Brown,james.brown483@example.com,Australia,Adelaide,65+,2023-08-16
484,Joseph,Lee,joseph.lee484@example.com,Sri Lanka,Jaffna,65+,2024-02-05
485,Nimali,Jones,nimali.jones485@example.com,Sri Lanka,Jaffna,18-24,2023-01-26
486,Charles,Martin,charles.martin486@example.com,United Kingdom,Manchester,35-44,2023-04-29
487,Nancy,Taylor,nancy.taylor487@example.com,Japan,Nagoya,45-54,2023-07-31
488,Yuki,White,yuki.white488@example.com,United Kingdom,Leeds,35-44,2024-03-24
489,John,Anderson,john.anderson489@example.com,United States,New York,18-24,2024-12-28
490,Priya,Perera,priya.perera490@example.com,United Kingdom,Manchester,65+,2024-11-24
491,Karen,Kumar,karen.kumar491@example.com,Germany,Munich,35-44,2024-07-19
492,Liam,Lee,liam.lee492@example.com,Canada,Vancouver,25-34,2024-02-19
493,Liam,Moore,liam.moore493@example.com,United States,Los Angeles,45-54,2024-09-20
494,Liam,Moore,liam.moore494@example.com,United States,Los Angeles,25-34,2024-12-22
495,Lisa,Jayasuriya,lisa.jayasuriya495@example.com,United Kingdom,London,55-64,2024-08-14
496,Susan,Thomas,susan.thomas496@example.com,Sri Lanka,Jaffna,18-24,2023-07-21
497,Thomas,Fernando,thomas.fernando497@example.com,Japan,Kyoto,55-64,2024-06-24
498,Fatima,Silva,fatima.silva498@example.com,India,Mumbai,35-44,2024-08-24
499,Yuki,Lee,yuki.lee499@example.com,Germany,Hamburg,55-64,2024-11-20
500,Jennifer,Fernando,jennifer.fernando500@example.com,Germany,Berlin,25-34,2023-11-17
